,구,주소,위도,경도
0,의창구,경남 창원시 의창구 동읍 신방리 871-6 수로,35.29124577,128.6758769
1,의창구,경남 창원시 의창구 동읍 용잠리 230-7 대,35.27961762,128.6887193
2,의창구,경남 창원시 의창구 동읍 용잠리 687),35.2839562,128.6818273
3,의창구,경남 창원시 의창구 동읍 송정리 98-21,35.27715209,128.7005666
4,의창구,경남 창원시 의창구 동읍 월잠리 303-7,35.3060586,128.6782436
5,의창구,경남 창원시 의창구 북면 감계리 237-1 (경남은행북면점앞),35.3012806,128.5942011
6,의창구,경남 창원시 의창구 북면 감계리 740-2 (덕산아내버스정류소),35.3023499,128.5903715
7,의창구,경남 창원시 의창구 북면 감계리 732 버스정류소,35.3001907,128.5863152
8,의창구,경남 창원시 의창구 북면 무동리 209 휴먼빌 버스정류소,35.3186609,128.5854714
9,의창구,경남 창원시 의창구 북면 무동리 209,35.3190526,128.5799514
10,의창구,경남 창원시 의창구 북면 무동리 255 무동입구,35.3164022,128.5848223
11,의창구,경남 창원시 의창구 북면 마산리 148-64,35.3458632,128.6181001
12,의창구,경남 창원시 의창구 북면 신촌리 964-5 전,35.34809693,128.6076093
13,의창구,경남 창원시 의창구 북면 외산리 34-1,35.376186,128.6125191
14,의창구,경남 창원시 의창구 북면 신촌리 북면온천,35.35329048,128.6116755
15,의창구,경남 창원시 의창구 북면 무동리 255 창북중학교 사거리,35.3163908,128.5802038
16,의창구,경남 창원시 의창구 북면 무동리 103-2 ,35.3224404,128.5801944
17,의창구,경남 창원시 의창구 서상동  344-4,35.26217775,128.6183274
18,의창구,경남 창원시 의창구 소답동  168 (금호온천앞),35.261568,128.6297216
19,의창구,경남 창원시 의창구 동정동  775-3,35.2601404,128.6104236
20,의창구,경남 창원시 의창구 소계동  366-3 도,35.25584599,128.6003378
21,의창구,경남 창원시 의창구 중동  793-1,35.257951,128.6281847
22,의창구,경남 창원시 의창구 서상동  305-6,35.26133675,128.6207601
23,의창구,경남 창원시 의창구 서상동  327-2,35.2618147,128.6198609
24,의창구,경남 창원시 의창구 북동  260 대,35.26526569,128.6208031
25,의창구,경남 창원시 의창구 소답동  365 유,35.26636506,128.6238152
26,의창구,경남 창원시 의창구 서상동  600-7 도,35.26210109,128.6147654
27,의창구,경남 창원시 의창구 서상동  661-1,35.2611977,128.6242618
28,의창구,경남 창원시 의창구 서상동  15-1,35.2616582,128.6226793
29,의창구,경남 창원시 의창구 서상동  215-2,35.2615892,128.6172887
30,의창구,경남 창원시 의창구 중동  794-13 공영주차장,35.2527566,128.6222807
31,의창구,경남 창원시 의창구 소답동  114번지 앞 보도,35.26150977,128.6260951
32,의창구,경남 창원시 의창구 중동  722,35.2556379,128.6226887
33,의창구,경남 창원시 의창구 동정동  708-63 답,35.2574865,128.6071935
34,의창구,경남 창원시 의창구 소계동  775-3,35.256404,128.6063272
35,의창구,경남 창원시 의창구 팔용동  503-3 도,35.2469667,128.6152938
36,의창구,경남 창원시 의창구 팔용동  35-7,35.2351505,128.6406071
37,의창구,경남 창원시 의창구 팔용동  532-4 도,35.24762559,128.6232358
38,의창구,경남 창원시 의창구 팔용동  217,35.2522419,128.6039534
39,의창구,경남 창원시 의창구 팔용동  팔용동 182 공원,35.26054832,128.6138642
40,의창구,경남 창원시 성산구 두대동  누비자운영센터,35.2325669,128.668769
41,의창구,경남 창원시 의창구 팔용동  526-1,35.2477088,128.6174872
42,의창구,경남 창원시 의창구 팔용동  532-2 (사화사거리),35.2394612,128.6334043
43,의창구,경남 창원시 성산구 삼동동  158-2,35.2260137,128.6562505
44,의창구,경남 창원시 성산구 신촌동  190 (신촌단지입구),35.2123193,128.6355703
45,의창구,경남 창원시 의창구 팔용동  514-16 도,35.25189689,128.6187699
46,의창구,경남 창원시 의창구 팔용동  500-1,35.2379311,128.6345849
47,의창구,경남 창원시 의창구 팔용동  501-3 도,35.24329273,128.6229247
48,의창구,경남 창원시 의창구 팔용동  527-4 차룡사거리(창원특수강앞),35.2430036,128.6265642
49,의창구,경남 창원시 의창구 팔용동  500-1,35.2340786,128.6412194
50,의창구,경남 창원시 의창구 팔용동  701-1,35.2536754,128.6069599
51,의창구,경남 창원시 의창구 팔용동  35번지 창원시외버스터미널 앞,35.23574362,128.6398441
52,의창구,경남 창원시 의창구 팔용동  500-1,35.2357004,128.6384044
53,의창구,경남 창원시 의창구 팔용동  523-3 홈플러스뒷편도로,35.2346962,128.6439209
54,의창구,경남 창원시 의창구 팔용동  519 (천차만차 입구옆),35.2231916,128.6343884
55,의창구,경남 창원시 성산구 대원동  504 공,35.22768988,128.6577934
56,의창구,경남 창원시 의창구 팔용동  514-2 도,35.25847337,128.6133645
57,의창구,경남 창원시 의창구 팔용동  514-7 도,35.2507318,128.6130644
58,의창구,경남 창원시 의창구 팔용동  104-1,35.2549573,128.6126109
59,의창구,경남 창원시 의창구 팔용동  510,35.2524965,128.6099582
60,의창구,경남 창원시 의창구 팔용동  505 도,35.2554846,128.6134565
61,의창구,경남 창원시 의창구 도계동  333-14,35.2575034,128.6343368
62,의창구,경남 창원시 의창구 명서동  501,35.2394777,128.6487812
63,의창구,경남 창원시 의창구 명서동  210 공,35.23879971,128.6482421
64,의창구,경남 창원시 의창구 도계동  88-6(도),35.2637831,128.6425987
65,의창구,경남 창원시 의창구 도계동  444번지 버스정류소 옆,35.25864727,128.6333799
66,의창구,경남 창원시 의창구 도계동  454 도,35.25533129,128.6362231
67,의창구,경남 창원시 의창구 도계동  산 138-7,35.2584277,128.6412462
68,의창구,경남 창원시 의창구 도계동  438번지 (도계초등학교 앞 노외주차장),35.2596591,128.638562
69,의창구,경남 창원시 의창구 명서동  27 대,35.2519955,128.6416713
70,의창구,경남 창원시 의창구 도계동  895번지 명곡동 주민센터,35.25382218,128.6399567
71,의창구,경남 창원시 의창구 명서동  174-14 대,35.24585567,128.6493686
72,의창구,경남 창원시 의창구 명서동  111 체,35.24322263,128.6418074
73,의창구,경남 창원시 의창구 명서동  82번지 명곡교 옆 도계방면 버스정류장,35.24609444,128.6441973
74,의창구,경남 창원시 의창구 명서동  500-3 도,35.24548766,128.6444843
75,의창구,경남 창원시 의창구 명서동  49-13,35.2500389,128.6461043
76,의창구,경남 창원시 의창구 명서동  500-6 도,35.250914,128.6453954
77,의창구,경남 창원시 의창구 명서동  500-3,35.2480374,128.6417759
78,의창구,경남 창원시 의창구 명서동  500-3 도,35.24917642,128.6413836
79,의창구,경남 창원시 의창구 명서동  14-7,35.2515256,128.6393787
80,의창구,경남 창원시 의창구 명서동  500-3도,35.25061333,128.6395383
81,의창구,경남 창원시 의창구 도계동  458-3,35.2547547,128.6360883
82,의창구,경남 창원시 의창구 명곡동  30대,35.25274236,128.6482716
83,의창구,경남 창원시 의창구 도계동  456-6 도,35.25572553,128.6332029
84,의창구,경남 창원시 의창구 도계동  907도,35.255428,128.641101
85,의창구,경남 창원시 의창구 도계동  456-4,35.2528826,128.6375177
86,의창구,경남 창원시 의창구 명서동  503-4 파티마병원버서정류소옆,35.23692445,128.6467239
87,의창구,경남 창원시 의창구 명서동  500-3도,35.24391485,128.6480811
88,의창구,경남 창원시 의창구 명서동  502-1,35.2437681,128.6474307
89,의창구,경남 창원시 의창구 사림동  518-2,35.2355333,128.6942339
90,의창구,경남 창원시 의창구 사림동  1번지,35.23754881,128.6912084
91,의창구,경남 창원시 의창구 사림동  1-2 대,35.23649287,128.6935687
92,의창구,경남 창원시 의창구 봉곡동  502-1 도,35.24630253,128.6655021
93,의창구,경남 창원시 의창구 사림동  501-2,35.2356949,128.6917106
94,의창구,경남 창원시 의창구 사림동  501-3 도,35.23765397,128.6884081
95,의창구,경남 창원시 의창구 봉곡동  512,35.2423721,128.6512609
96,의창구,경남 창원시 의창구 봉곡동  41,35.2431394,128.6534724
97,의창구,경남 창원시 의창구 봉곡동  57,35.2458075,128.6567594
98,의창구,경남 창원시 의창구 봉곡동  106 공,35.2474854,128.6655557
99,의창구,경남 창원시 의창구 봉림동  680,35.2517406,128.667416
100,의창구,경남 창원시 의창구 봉곡동  139번지 버스정류장 앞,35.24588634,128.6710516
101,의창구,경남 창원시 의창구 봉곡동  502-37,35.2449696,128.673829
102,의창구,경남 창원시 의창구 봉림동  531,35.254033,128.669078
103,의창구,경남 창원시 의창구 사림동  117-1 공원,35.24953565,128.6848998
104,의창구,경남 창원시 의창구 사림동  510 도,35.24421715,128.6759949
105,의창구,경남 창원시 의창구 사림동  106-1,35.2476401,128.679074
106,의창구,경남 창원시 의창구 사림동  502-4 사림민원센터 옆 노외주차장,35.24270346,128.6818019
107,의창구,경남 창원시 의창구 사림동  501-3 (성심유치원버스정류소),35.2393819,128.6860102
108,의창구,경남 창원시 의창구 사림동  169,35.2378659,128.7007409
109,의창구,경남 창원시 의창구 봉곡동  502-1,35.2438842,128.6558729
110,의창구,경남 창원시 의창구 봉곡동  502-1 도,35.24470126,128.6588717
111,의창구,경남 창원시 의창구 용동  633-8,35.24116783,128.7016636
112,의창구,경남 창원시 의창구 사림동  518-6,35.2388638,128.6965594
113,의창구,경남 창원시 의창구 사림동  501-19,35.2416235,128.6884618
114,의창구,경남 창원시 의창구 퇴촌동  산129-1 임,35.24305438,128.691528
115,의창구,경남 창원시 의창구 봉곡동  502-44,35.2453223,128.6499808
116,의창구,경남 창원시 의창구 사림동  70,35.2438371,128.6815383
117,의창구,경남 창원시 의창구 봉곡동  511-9 도,35.24718311,128.6554974
118,의창구,경남 창원시 의창구 사림동  501-19(도),35.2421229,128.6855918
119,의창구,경남 창원시 의창구 사림동  518-10(도),35.2385051,128.7003413
120,성산구,경남 창원시 성산구 용호동  500,35.2298338,128.6847382
121,성산구,경남 창원시 성산구 용호동  500 도,35.23290431,128.6873996
122,성산구,경남 창원시 성산구 신월동  501-41 국민연금앞 보도,35.2342714,128.6894596
123,성산구,경남 창원시 성산구 용호동  504 무학상가 앞,35.23581373,128.6767808
124,성산구,경남 창원시 성산구 신월동  68-5 대,35.2284217,128.6920828
125,성산구,경남 창원시 성산구 신월동  501-10 도,35.22747736,128.6943358
126,성산구,경남 창원시 성산구 신월동  501-1 도,35.23035191,128.6952907
127,성산구,경남 창원시 성산구 신월동  501-35 도,35.22389935,128.6921203
128,성산구,경남 창원시 성산구 신월동  12-157차,35.23071122,128.692815
129,성산구,경남 창원시 성산구 용호동  62-2 용지동 주민센터,35.2360575,128.6845122
130,성산구,경남 창원시 성산구 용지동  산21-16,35.2346877,128.6804031
131,성산구,경남 창원시 성산구 신월동  501-41,35.2314233,128.6868927
132,성산구,경남 창원시 성산구 용호동  554-1,35.23179134,128.6799967
133,성산구,경남 창원시 성산구 용호동  500,35.2306236,128.6811286
134,성산구,경남 창원시 성산구 용호동  35 공,35.23938463,128.6836633
135,성산구,경남 창원시 성산구 신월동  501-22 도,35.22696466,128.6867934
136,성산구,경남 창원시 성산구 신월동  503 도,35.22451067,128.685852
137,성산구,경남 창원시 성산구 용호동  505,35.2284639,128.6791243
138,성산구,경남 창원시 성산구 용호동  505 도,35.23046584,128.6755174
139,성산구,경남 창원시 성산구 신월동  501-41 도,35.22831213,128.6842722
140,성산구,경남 창원시 성산구 용호동  1번지,35.2277337,128.6821961
141,성산구,경남 창원시 성산구 용호동  500-6,35.2290949,128.6814109
142,성산구,경남 창원시 성산구 반송동  산51-5 임,35.23378065,128.6784786
143,성산구,경남 창원시 성산구 신월동  501-1,35.2284299,128.6962134
144,성산구,경남 창원시 성산구 신월동  501-36,35.2343919,128.6918226
145,성산구,경남 창원시 성산구 신월동  99-5 한국전력공사 앞 보도,35.23085802,128.688789
146,성산구,경남 창원시 성산구 반림동  511,35.2341104,128.6688092
147,성산구,경남 창원시 성산구 반림동  6-4,35.23604595,128.6726904
148,성산구,경남 창원시 성산구 반지동  511-4 도,35.24421277,128.665899
149,성산구,경남 창원시 성산구 반림동  511도,35.23569542,128.6656737
150,성산구,경남 창원시 성산구 반림동  503-2 수,35.23930452,128.6664356
151,성산구,경남 창원시 성산구 반지동  505-3 도,35.23756634,128.6620367
152,성산구,경남 창원시 성산구 반림동  14-5,35.2357239,128.6698151
153,성산구,경남 창원시 성산구 반지동  509(도) 중앙중뒤,35.2408173,128.6586463
154,성산구,경남 창원시 성산구 반지동  80-1 대,35.24064865,128.6628547
155,성산구,경남 창원시 성산구 반지동  505-2 도,35.2413486,128.6531022
156,성산구,경남 창원시 성산구 반림동  512-3 도,35.23203015,128.6729077
157,성산구,경남 창원시 성산구 반지동  505-2 중앙중 버스정류소,35.2391316,128.6585578
158,성산구,경남 창원시 성산구 반림동  23 차,35.23506666,128.6702174
159,성산구,경남 창원시 성산구 내동  394-24,35.2205239,128.665899
160,성산구,경남 창원시 성산구 내동  456-17 ,35.216223,128.6705017
161,성산구,경남 창원시 성산구 내동  515-38 구,35.22275997,128.6611488
162,성산구,경남 창원시 성산구 삼동동  250 전,35.23018759,128.6539337
163,성산구,경남 창원시 성산구 삼동동  194-12 대,35.22625257,128.654902
164,성산구,경남 창원시 성산구 대원동  93-1 대,35.23245737,128.6507016
165,성산구,경남 창원시 성산구 대원동  37-5번지,35.23500751,128.6511871
166,성산구,경남 창원시 성산구 대원동  502-6 대정교사거리(신진기계공업옆),35.2237284,128.6374743
167,성산구,경남 창원시 성산구 외동  789,35.2161123,128.6727745
168,성산구,경남 창원시 성산구 대원동  40-1(대원꿈에그린105동앞),35.234298,128.6464676
169,성산구,경남 창원시 성산구 중앙동  92번지,35.2257432,128.6807933
170,성산구,경남 창원시 성산구 중앙동  92번지,35.2259946,128.6803622
171,성산구,경남 창원시 성산구 상남동  501-1 도,35.2242499,128.680855
172,성산구,경남 창원시 성산구 중앙동  516-3 한서한방병원 앞,35.2276581,128.6794938
173,성산구,경남 창원시 성산구 중앙동  119,35.2237279,128.6602932
174,성산구,경남 창원시 성산구 중앙동  502-7 올림픽공원 주차장,35.2247166,128.6622137
175,성산구,경남 창원시 성산구 중앙동  516-3 도,35.22969244,128.6761692
176,성산구,경남 창원시 성산구 내동  332-5,35.21988953,128.6660171
177,성산구,경남 창원시 성산구 중앙동  501-3 리제스타워앞,35.2225781,128.67861
178,성산구,경남 창원시 성산구 중앙동  20-2 공,35.22735247,128.6748388
179,성산구,경남 창원시 성산구 반지동  505-2 컨벤션센터앞 보도,35.2394854,128.6564791
180,성산구,경남 창원시 성산구 외동  205-1 도,35.21129074,128.681193
181,성산구,경남 창원시 성산구 외동  158-3도,35.21328055,128.6776578
182,성산구,경남 창원시 성산구 중앙동  106-3,35.224578,128.6634997
183,성산구,경남 창원시 성산구 중앙동  1번지 경륜공단,35.23295689,128.6681414
184,성산구,경남 창원시 성산구 중앙동  510-1 문성대입구 버서정류소옆,35.2332789,128.6616424
185,성산구,경남 창원시 성산구 중앙동  304-7 창원전문대,35.23715448,128.6615753
186,성산구,경남 창원시 성산구 중앙동  104-2 잡,35.21752736,128.6712098
187,성산구,경남 창원시 성산구 중앙동  1,35.2323002,128.6698774
188,성산구,경남 창원시 성산구 중앙동  501-38,35.2205178,128.6741321
189,성산구,경남 창원시 성산구 중앙동  501-3 도,35.22096102,128.6772287
190,성산구,경남 창원시 성산구 대원동  79,35.2269406,128.6521286
191,성산구,경남 창원시 성산구 중앙동  110-1,35.225426,128.668497
192,성산구,경남 창원시 성산구 상남동  72-2대,35.218869,128.6786409
193,성산구,경남 창원시 성산구 상남동  29-4,35.2185063,128.6809509
194,성산구,경남 창원시 성산구 상남동  503 도,35.2211648,128.6903393
195,성산구,경남 창원시 성산구 상남동  32번지 공원앞,35.2201119,128.681419
196,성산구,경남 창원시 성산구 상남동  80,35.2246958,128.6835902
197,성산구,경남 창원시 성산구 상남동  501-7,35.215024,128.679672
198,성산구,경남 창원시 성산구 상남동  27-3,35.2204943,128.6803729
199,성산구,경남 창원시 성산구 상남동  76-2,35.2219032,128.6811823
200,성산구,경남 창원시 성산구 상남동  89-3 대,35.21621258,128.6875203
201,성산구,경남 창원시 성산구 상남동  24번지,35.2209621,128.6831537
202,성산구,경남 창원시 성산구 상남동  42-1 공,35.21998594,128.6856294
203,성산구,경남 창원시 성산구 상남동  503 성원 그랜드쇼핑 앞,35.2195795,128.6920714
204,성산구,경남 창원시 성산구 상남동  506-1,35.2157568,128.6902267
205,성산구,경남 창원시 성산구 상남동  503 도,35.21663989,128.6942419
206,성산구,경남 창원시 성산구 상남동  503 도,35.22271176,128.6881185
207,성산구,경남 창원시 성산구 상남동  503,35.2243299,128.6853323
208,성산구,경남 창원시 성산구 상남동  66,35.2146041,128.6762369
209,성산구,경남 창원시 성산구 상남동  523-2,35.2122298,128.6803776
210,성산구,경남 창원시 성산구 사파동  501-1,35.2257766,128.6986542
211,성산구,경남 창원시 성산구 사파동  6번지,35.22620875,128.7005451
212,성산구,경남 창원시 성산구 대방동  309 답,35.21470933,128.7043405
213,성산구,경남 창원시 성산구 남산동  121-2,35.20348881,128.7060785
214,성산구,경남 창원시 성산구 대방동  496-1,35.21198913,128.7057589
215,성산구,경남 창원시 성산구 사파동  124번지 완충녹지,35.2233209,128.6999255
216,성산구,경남 창원시 성산구 사파동  522,35.2208838,128.7014437
217,성산구,경남 창원시 성산구 사파동  505 도,35.22225804,128.6945224
218,성산구,경남 창원시 성산구 사파동  46-5 공영주차장,35.2281455,128.7011917
219,성산구,경남 창원시 성산구 사파동  524 도,35.21935487,128.7020123
220,성산구,경남 창원시 성산구 사파동  39-19,35.2298173,128.7037461
221,성산구,경남 창원시 성산구 대방동  344-1 차,35.21550698,128.709147
222,성산구,경남 창원시 성산구 사파동  503 도,35.2196058,128.6927171
223,성산구,경남 창원시 성산구 사파동  502-2 구,35.22215083,128.6983296
224,성산구,경남 창원시 성산구 사파동  503도,35.21761939,128.6941051
225,성산구,경남 창원시 성산구 사파동  510,35.2212968,128.700757
226,성산구,경남 창원시 성산구 사파정동  243-6,35.2194398,128.7067296
227,성산구,경남 창원시 성산구 사파정동  63 답,35.21510158,128.7047455
228,성산구,경남 창원시 성산구 대방동  377-1 성주프리빌리지앞 버스정류소,35.20357209,128.7090987
229,성산구,경남 창원시 성산구 사파정동  325 전,35.22229545,128.7047642
230,성산구,경남 창원시 성산구 가음정동  394 도,35.20480379,128.6796695
231,성산구,경남 창원시 성산구 가음동  502-2,35.21038786,128.6958647
232,성산구,경남 창원시 성산구 가음동  502-2 도,35.2080035,128.6943036
233,성산구,경남 창원시 성산구 가음동  516,35.210546,128.690096
234,성산구,경남 창원시 성산구 가음동  501,35.2088505,128.697018
235,성산구,경남 창원시 성산구 가음동  가음동 20-8 대,35.20697785,128.7002206
236,성산구,경남 창원시 성산구 가음동  502-3 도,35.20971841,128.699402
237,성산구,경남 창원시 성산구 가음정동  405 도,35.20511062,128.6919755
238,성산구,경남 창원시 성산구 가음정동  405,35.2058525,128.6915584
239,성산구,경남 창원시 성산구 남양동  502-5 가음정주민센터 앞 노외주차장,35.2127431,128.7006263
240,성산구,경남 창원시 성산구 가음동  502-3 도,35.20912117,128.7045631
241,성산구,경남 창원시 성산구 가음동  49 ,35.2081744,128.6874774
242,성산구,경남 창원시 성산구 가음동  29,35.2033929,128.6958325
243,성산구,경남 창원시 성산구 가음동  37-5 차,35.20555332,128.7030503
244,성산구,경남 창원시 성산구 가음동  28,35.2038121,128.6979534
245,성산구,경남 창원시 성산구 대방동  361-2 버스정류소 앞,35.20807363,128.7066954
246,성산구,경남 창원시 성산구 대방동  318-1 ,35.2127935,128.7054147
247,성산구,경남 창원시 성산구 대방동  492-1 ,35.2110853,128.7058894
248,성산구,경남 창원시 성산구 가음정동  3 답,35.2141204,128.6951881
249,성산구,경남 창원시 성산구 남양동  37-1,35.2063152,128.7065469
250,성산구,경남 창원시 성산구 가음정동  558-2,35.2096603,128.6840817
251,성산구,경남 창원시 성산구 가음정동  558-2 도,35.20811746,128.6866701
252,성산구,경남 창원시 성산구 대방동  682,35.2053188,128.7071112
253,성산구,경남 창원시 성산구 가음동  502-2 장미공원버스정류소,35.2072031,128.693152
254,성산구,경남 창원시 성산구 가음동  31,35.2089858,128.6889426
255,성산구,경남 창원시 성산구 가음동  502-2 도,35.21348654,128.6967579
256,성산구,경남 창원시 성산구 삼정자동  530,35.19851,128.709068
257,성산구,경남 창원시 성산구 남산동  629-12 남산터미널 옆,35.2024116,128.6966794
258,성산구,경남 창원시 성산구 성주동  517 동양 특수금속앞 보도,35.1928038,128.6937846
259,성산구,경남 창원시 성산구 삼정자동  산56-3임,35.19606312,128.7168396
260,성산구,경남 창원시 성산구 성주동  5 공,35.19886866,128.7022698
261,성산구,경남 창원시 성산구 삼정자동  532 답,35.2019897,128.7129235
262,성산구,경남 창원시 성산구 삼정자동  165 전,35.19665054,128.7073553
263,성산구,경남 창원시 성산구 남산동  607,35.1990681,128.6892584
264,성산구,경남 창원시 성산구 성주동  59 공,35.18896996,128.6943519
265,성산구,경남 창원시 성산구 성주동  517 도,35.19827249,128.6860371
266,성산구,경남 창원시 성산구 안민동  73 도,35.18679541,128.6916536
267,성산구,경남 창원시 성산구 성주동  83-2 공영주차장,35.1865948,128.7071776
268,성산구,경남 창원시 성산구 웅남동  69 도,35.20932937,128.6649334
269,성산구,경남 창원시 성산구 성산동  526 도,35.20650447,128.6634099
270,성산구,경남 창원시 성산구 웅남동  69 도,35.21120308,128.6594617
271,성산구,경남 창원시 성산구 성산동  519 구거,35.19906592,128.6743534
272,성산구,경남 창원시 성산구 내동  451 세플러코리아 버스정류소,35.2206258,128.6523338
273,성산구,경남 창원시 성산구 웅남동  524 공원,35.20210367,128.6710489
274,성산구,경남 창원시 성산구 웅남동  70,35.21588827,128.6468714
275,성산구,경남 창원시 성산구 웅남동  458 도로,35.21802259,128.6565113
276,성산구,경남 창원시 성산구 웅남동  주민센터 앞,35.2055599,128.6272752
277,성산구,경남 창원시 성산구 외동  856 인하정공정문,35.2101742,128.6702281
278,성산구,경남 창원시 성산구 신촌동  33-3 공,35.20138917,128.6281925
279,마산합포구,경남 창원시 마산합포구 현동  166-7 (묘천입구 버스정류소),35.1398482,128.5608228
280,마산합포구,경남 창원시 마산합포구 현동  609 (구산중학교 정문 좌측),35.1440835,128.5574647
281,마산합포구,경남 창원시 마산합포구 현동  220,35.1488883,128.5522404
282,마산합포구,경남 창원시 마산합포구 현동  1295,35.1510772,128.5539188
283,마산합포구,경남 창원시 마산합포구 현동  1292 도로,35.1457444,128.5559687
284,마산합포구,경남 창원시 마산합포구 현동  1296,35.1467167,128.5576472
285,마산합포구,경남 창원시 마산합포구 현동  383,35.1499465,128.5539544
286,마산합포구,경남 창원시 마산합포구 가포동  708 버스정류소,35.1667516,128.5731871
287,마산합포구,경남 창원시 마산합포구 가포동  770 버스정류소,35.1560595,128.5802521
288,마산합포구,경남 창원시 마산합포구 가포동  186-5,35.1556648,128.5830121
289,마산합포구,경남 창원시 마산합포구 해운동  5-56,35.17948221,128.5602629
290,마산합포구,경남 창원시 마산합포구 해운동  41,35.179214,128.563145
291,마산합포구,경남 창원시 마산합포구 해운동  61-1 도로,35.1833865,128.5639374
292,마산합포구,경남 창원시 마산합포구 해운동  55 해오름아파트버스정류소,35.1792805,128.5663676
293,마산합포구,경남 창원시 마산합포구 해운동  55,35.177322,128.567409
294,마산합포구,경남 창원시 마산합포구 월영동  706대,35.17436959,128.5589111
295,마산합포구,경남 창원시 마산합포구 문화동  17 도로,35.18588787,128.5599679
296,마산합포구,경남 창원시 마산합포구 해운동  4,35.1802934,128.5587072
297,마산합포구,경남 창원시 마산합포구 오동동  289-15 삼성생명앞 버스정류소,35.20853166,128.5763669
298,마산합포구,경남 창원시 마산합포구 상남동  142-2 육호광장,35.21200953,128.5753047
299,마산합포구,경남 창원시 마산합포구 서성동  66-14도로,35.20299787,128.5711205
300,마산합포구,경남 창원시 마산합포구 신포동1가  49,35.197943,128.570482
301,마산합포구,경남 창원시 마산합포구 산호동  47-5,35.216705,128.57896
302,마산합포구,경남 창원시 마산합포구 동성동  317 도로,35.20328717,128.580122
303,마산합포구,경남 창원시 마산합포구 신포동2가  118 도로,35.20107794,128.5759056
304,마산합포구,경남 창원시 마산합포구 남성동  247-1,35.2023426,128.5779105
305,마산합포구,경남 창원시 마산합포구 신포동1가  76-3,35.195964,128.571611
306,마산합포구,경남 창원시 마산합포구 오동동  323 합포수변공원,35.1993026,128.576442
307,마산합포구,경남 창원시 마산합포구 월남동1가  1가47-6 공원주차장 앞 보도,35.1860293,128.5635003
308,마산합포구,경남 창원시 마산합포구 월포동  2-194 육교옆,35.1890796,128.5650158
309,마산합포구,경남 창원시 마산합포구 산호동  470-8 도로,35.21091381,128.581624
310,마산합포구,경남 창원시 마산합포구 월포동  1-77 버스정류소옆,35.1926087,128.5683525
311,마산합포구,경남 창원시 마산합포구 산호동  59 마산신세계백화점 앞,35.2199859,128.5869107
312,마산합포구,경남 창원시 마산합포구 산호동  157-4,35.2159661,128.5859699
313,마산합포구,경남 창원시 마산합포구 중앙동1가  4-11 대,35.19728617,128.5672528
314,마산합포구,경남 창원시 마산합포구 중앙동2가  8-1도,35.19190725,128.5644364
315,마산회원구,경남 창원시 마산회원구 내서읍 삼계리 127-1,35.2326368,128.5046155
316,마산회원구,경남 창원시 마산회원구 내서읍 중리 1056-4,35.24202656,128.5048056
317,마산회원구,경남 창원시 마산회원구 내서읍 삼계리 515-2도로,35.2313926,128.4959435
318,마산회원구,경남 창원시 마산회원구 내서읍 호계리 295-1 ,35.25358344,128.52121
319,마산회원구,경남 창원시 마산회원구 내서읍 중리 1043-1,35.2484236,128.5105025
320,마산회원구,경남 창원시 마산회원구 내서읍 중리 391-5 내서스포츠센터앞,35.2501424,128.5217719
321,마산회원구,경남 창원시 마산회원구 내서읍 삼계리 270-1,35.22627448,128.5037005
322,마산회원구,경남 창원시 마산회원구 내서읍 중리 635-2 내서전자랜드앞,35.250092,128.5172322
323,마산회원구,경남 창원시 마산회원구 내서읍 호계리 109-7,35.26565113,128.5260165
324,마산회원구,경남 창원시 마산회원구 내서읍 호계리 181-1도로,35.2610389,128.5230124
325,마산회원구,경남 창원시 마산회원구 내서읍 중리 336-1,35.2520535,128.5207761
326,마산회원구,경남 창원시 마산회원구 회원동  72-3 경남전자고 사거리,35.2151454,128.5763602
327,마산회원구,경남 창원시 마산회원구 회원동  72-2,35.223758,128.572957
328,마산회원구,경남 창원시 마산회원구 회원동  72-3(농협회원동지점),35.2187572,128.5745534
329,마산회원구,경남 창원시 마산회원구 회원동  72-3도,35.2185222,128.5635781
330,마산회원구,경남 창원시 마산회원구 회성동  471도,35.23377189,128.5585678
331,마산회원구,경남 창원시 마산회원구 양덕동  833 공원,35.2333863,128.5874176
332,마산회원구,경남 창원시 마산회원구 양덕동  531-2 공원,35.22557773,128.5784376
333,마산회원구,경남 창원시 마산회원구 양덕동  477 NC파크정문 버스정류소,35.2219777,128.5839931
334,마산회원구,경남 창원시 마산회원구 양덕동  84-14,35.2231856,128.5845317
335,마산회원구,경남 창원시 마산회원구 양덕동  84-14,35.2271621,128.5857686
336,마산회원구,경남 창원시 마산회원구 양덕동  25(도),35.2305874,128.5841963
337,마산회원구,경남 창원시 마산회원구 양덕동  84-8,35.2243825,128.5834339
338,마산회원구,경남 창원시 마산회원구 양덕동  412-14 답,35.22073095,128.589381
339,마산회원구,경남 창원시 마산회원구 양덕동  84-15,35.2282243,128.5811668
340,마산회원구,경남 창원시 마산회원구 합성동  438 덕재버스정류소,35.2448836,128.5875336
341,마산회원구,경남 창원시 마산회원구 합성동  100-3,35.2382559,128.5822349
342,마산회원구,경남 창원시 마산회원구 합성동  100-15,35.2374606,128.5816193
343,마산회원구,경남 창원시 마산회원구 합성동  550-9 합성1동 주민운동장,35.2462045,128.5791544
344,마산회원구,경남 창원시 마산회원구 합성동  359-166,35.2425895,128.5837631
345,마산회원구,경남 창원시 마산회원구 합성동  415-19,35.2451788,128.5875195
346,마산회원구,경남 창원시 마산회원구 합성동  84-30,35.2401557,128.5837094
347,마산회원구,경남 창원시 마산회원구 합성동  85-32,35.2392411,128.5829933
348,마산회원구,경남 창원시 마산회원구 합성동  161-26,35.2400659,128.5840259
349,마산회원구,경남 창원시 마산회원구 합성동  278 도로,35.2387318,128.5830832
350,마산회원구,경남 창원시 마산회원구 합성동  126-4,35.2378007,128.5822885
351,마산회원구,경남 창원시 마산회원구 합성동  50-3,35.2424187,128.5909427
352,마산회원구,경남 창원시 마산회원구 합성동  50-3,35.2433393,128.5914409
353,마산회원구,경남 창원시 마산회원구 합성동  58-5 도로,35.2408699,128.59025
354,마산회원구,경남 창원시 마산회원구 구암동  86-2,35.2491885,128.5984582
355,마산회원구,경남 창원시 마산회원구 구암동  741,35.247392,128.592424
356,마산회원구,경남 창원시 마산회원구 구암동  1334,35.256414,128.597143
357,마산회원구,경남 창원시 마산회원구 구암동  100도,35.25026287,128.5983396
358,마산회원구,경남 창원시 마산회원구 봉암동  466,35.2206608,128.5958181
359,마산회원구,경남 창원시 마산회원구 봉암동  472-10,35.2177509,128.6022677
360,마산회원구,경남 창원시 마산회원구 봉암동  660-123),35.2129814,128.6001232
361,마산회원구,경남 창원시 마산회원구 봉암동  450-14,35.2229692,128.5972546
362,마산회원구,경남 창원시 마산회원구 석전동  267 도로,35.23023141,128.5766995
363,마산회원구,경남 창원시 마산회원구 석전동  267 마산역앞,35.23538871,128.5786146
364,마산회원구,경남 창원시 마산회원구 석전동  267 농협마산역지점앞,35.2339932,128.5800737
365,마산회원구,경남 창원시 마산회원구 석전동  152-1,35.2300627,128.5703661
366,마산회원구,경남 창원시 마산회원구 석전동  247-21,35.2309342,128.5765627
367,진해구,경남 창원시 진해구 충무동  13-10,35.15223165,128.6621439
368,진해구,경남 창원시 진해구 속천동  11,35.1413973,128.6714217
369,진해구,경남 창원시 진해구 태평동  86-58도,35.14392398,128.6698902
370,진해구,경남 창원시 진해구 제황산동  24-55 ,35.1447837,128.6737183
371,진해구,경남 창원시 진해구 신흥동  1-1,35.14771167,128.6573589
372,진해구,경남 창원시 진해구 평안동  2,35.14983681,128.6602718
373,진해구,경남 창원시 진해구 도만동  19 진해공설운동장사거리,35.1496686,128.6557247
374,진해구,경남 창원시 진해구 인의동  30,35.1450008,128.6618006
375,진해구,경남 창원시 진해구 도천동  중장로 13 도로,35.15333913,128.6545104
376,진해구,경남 창원시 진해구 여좌동  931-1,35.1532202,128.6566454
377,진해구,경남 창원시 진해구 여좌동  150-1도,35.15975782,128.6628091
378,진해구,경남 창원시 진해구 여좌동  795-1,35.1522614,128.6664927
379,진해구,경남 창원시 진해구 여좌동  218 도로,35.15534571,128.6593115
380,진해구,경남 창원시 진해구 태백동  55-37,35.1647377,128.6601604
381,진해구,경남 창원시 진해구 여좌동  832-13,35.15245095,128.6730659
382,진해구,경남 창원시 진해구 경화동  1233-31,35.1598368,128.6847228
383,진해구,경남 창원시 진해구 경화동  1248 도로,35.15771846,128.6814719
384,진해구,경남 창원시 진해구 경화동  185 ,35.1542827,128.6869725
385,진해구,경남 창원시 진해구 경화동  1491-3답,35.16018762,128.680222
386,진해구,경남 창원시 진해구 경화동  850-3,35.1589541,128.68654
387,진해구,경남 창원시 진해구 경화동  1213-6,35.1586652,128.6849179
388,진해구,경남 창원시 진해구 경화동  1007-14,35.1473608,128.6855596
389,진해구,경남 창원시 진해구 경화동  1007-14 ,35.1475494,128.6883055
390,진해구,경남 창원시 진해구 경화동  1452 구거,35.15305623,128.6792994
391,진해구,경남 창원시 진해구 경화동  1599-1 버스정류소옆,35.1524559,128.6753847
392,진해구,경남 창원시 진해구 경화동  853-59,35.15957362,128.6902213
393,진해구,경남 창원시 진해구 경화동  969-2 도로,35.1538106,128.6916053
394,진해구,경남 창원시 진해구 석동  658 대지,35.1562799,128.7064004
395,진해구,경남 창원시 진해구 이동  46-6,35.15051009,128.7007624
396,진해구,경남 창원시 진해구 석동  663-11,35.1532541,128.705467
397,진해구,경남 창원시 진해구 석동  140 대지,35.15168777,128.7060678
398,진해구,경남 창원시 진해구 석동  276-7,35.158043,128.700977
399,진해구,경남 창원시 진해구 석동  140,35.1528353,128.7053396
400,진해구,경남 창원시 진해구 석동  182,35.153372,128.7035626
401,진해구,경남 창원시 진해구 석동  543-10,35.157423,128.697976
402,진해구,경남 창원시 진해구 석동  586-6,35.1563824,128.6980829
403,진해구,경남 창원시 진해구 석동  247-21,35.1594596,128.6984356
404,진해구,경남 창원시 진해구 석동  543-3,35.159152,128.6974277
405,진해구,경남 창원시 진해구 석동  543-5,35.1580891,128.6995903
406,진해구,경남 창원시 진해구 석동  264 도로,35.15784126,128.7006766
407,진해구,경남 창원시 진해구 석동  551-2,35.1600714,128.694777
408,진해구,경남 창원시 진해구 이동  606,35.1501817,128.6918809
409,진해구,경남 창원시 진해구 이동  811-7 도로,35.15012192,128.6974794
410,진해구,경남 창원시 진해구 자은동  845-1 도로,35.1456698,128.7072909
411,진해구,경남 창원시 진해구 덕산동  10-22 ,35.1471342,128.7017363
412,진해구,경남 창원시 진해구 자은동  808-4,35.1449559,128.7070059
413,진해구,경남 창원시 진해구 자은동  985 도로,35.14954732,128.7072265
414,진해구,경남 창원시 진해구 자은동  109,35.1415497,128.7071756
415,진해구,경남 창원시 진해구 자은동  109(자은센트럴빌리지앞),35.15631,128.717333
416,진해구,경남 창원시 진해구 자은동  109,35.1549592,128.7211606
417,진해구,경남 창원시 진해구 자은동  102,35.1523661,128.7183937
418,진해구,경남 창원시 진해구 덕산동  585번지 소죽도찜질방,35.14095425,128.6888427
419,진해구,경남 창원시 진해구 덕산동  516-6 도로,35.14013393,128.7076449
420,진해구,경남 창원시 진해구 장천동  119-14 도로,35.12992097,128.7065077
421,진해구,경남 창원시 진해구 덕산동  64-14,35.1448243,128.704254
422,진해구,경남 창원시 진해구 덕산동  27-3,35.1441214,128.7012184
423,진해구,경남 창원시 진해구 덕산동  1-1,35.1450047,128.7050063
424,진해구,경남 창원시 진해구 풍호동  584,35.1440737,128.6898398
425,진해구,경남 창원시 진해구 풍호동  726-2 도로,35.13954611,128.7021518
426,진해구,경남 창원시 진해구 장천동  485-8 ,35.1316781,128.7036075
427,진해구,경남 창원시 진해구 풍호동  764-1,35.1434288,128.7034528
428,진해구,경남 창원시 진해구 풍호동  30-12 도로,35.13495742,128.7103379
429,진해구,경남 창원시 진해구 풍호동  305-3,35.135001,128.70451
430,진해구,경남 창원시 진해구 장천동  175-1,35.1233908,128.7075973
431,진해구,경남 창원시 진해구 행암동  153-5,35.115001,128.6995695
432,진해구,경남 창원시 진해구 행암동  121-45 ,35.1176483,128.6994575
433,진해구,경남 창원시 진해구 남문동  1253-5,35.1054659,128.7510163
434,진해구,경남 창원시 진해구 남문동  1305 (시티프라디움1차),35.1053123,128.7551345
435,진해구,경남 창원시 진해구 성내동  376(웅천행정복지센터),35.1111448,128.7498012
436,진해구,경남 창원시 진해구 용원동  1356(부영3단지입구),35.0886905,128.8027681
437,진해구,경남 창원시 진해구 용원동  1338-6,35.0885854,128.8100118
438,진해구,경남 창원시 진해구 용원동  1219-1,35.1000008,128.8144103
439,진해구,경남 창원시 진해구 용원동  1359,35.0885845,128.8141018
440,진해구,경남 창원시 진해구 용원동  1289,35.100843,128.809458
441,진해구,경남 창원시 진해구 용원동  1207-1 공원,35.103536,128.8066426
442,진해구,경남 창원시 진해구 용원동  1226 공원,35.10063496,128.817873
